<?xml version="1.0" encoding="UTF-8"?>
    <addon id="Repository.Ultra" name="The Kryptonian" version="0.0.1" provider-name="Team Ultra">
        <requires>
            <import addon="xbmc.addon" version="12.0.0"/>
        </requires>
        <extension point="xbmc.addon.repository" name="The Kryptonian">
            <info compressed="false">https://github.com/ultraandroidtv/ultra-Repo.git__repo/addons.xml</info>
            <checksum>https://github.com/ultraandroidtv/ultra-Repo.git__repo/addons.xml.md5</checksum>
            <datadir zip="true">https://github.com/ultraandroidtv/ultra-Repo.git__repo/</datadir>
            <hashes>false</hashes>
        </extension>
        <extension point="xbmc.addon.metadata">
            <summary>Repository which hosts custom versions of add-on's and the Wizard for the Ultra Android TV users.</summary>
            <description>Contains Addons and the respective updates and patches them automatically without the use of the wizard to update your build. The updates may be somewhat behind the official release as this is done in order to ensure they are reliable and modified to suit the build and end user better. [CR] [CR]Be advised. removing this may be highly detrimental to the system.</description>
            <platform>all</platform>
    </extension>
</addon>